Country,Year,Month,Temp,Humidity,Rain_fall,wind_speed
Viet Nam,1901,1,19.7442,84,24.6243,1.6
Viet Nam,1901,2,20.2406,85,16.2715,1.7
Viet Nam,1901,3,22.1572,84,42.3639,1.7
Viet Nam,1901,4,25.3467,83,83.978,1.5
Viet Nam,1901,5,26.7649,77,162.14,1.5
Viet Nam,1901,6,27.0544,71,219.261,1.6
Viet Nam,1901,7,27.0121,80,258.113,1.5
Viet Nam,1901,8,26.6755,78,243.576,1.4
Viet Nam,1901,9,26.0196,82,266.886,1.4
Viet Nam,1901,10,24.6867,86,207.977,1.6
Viet Nam,1901,11,22.4678,86,141.316,1.7
Viet Nam,1901,12,20.2175,88,57.2224,1.5
Viet Nam,1902,1,19.8541,86,29.6208,1.6
Viet Nam,1902,2,19.6138,85,16.9914,1.6
Viet Nam,1902,3,22.9779,84,32.9155,1.8
Viet Nam,1902,4,25.453,81,73.069,1.5
Viet Nam,1902,5,27.2245,77,146.329,1.7
Viet Nam,1902,6,27.0939,73,210.238,2.5
Viet Nam,1902,7,27.0022,71,204.606,2.8
Viet Nam,1902,8,26.7933,82,310.489,2.9
Viet Nam,1902,9,25.9517,82,185.866,1.3
Viet Nam,1902,10,24.6336,84,221.432,1.4
Viet Nam,1902,11,22.8853,82,140.036,1.6
Viet Nam,1902,12,21.0551,82,117.289,1.4
Viet Nam,1903,1,19.4264,87,21.2046,1.1
Viet Nam,1903,2,20.1201,83,34.8725,1.3
Viet Nam,1903,3,22.9564,85,28.8778,1.6
Viet Nam,1903,4,25.9762,80,47.4915,1.6
Viet Nam,1903,5,26.6195,80,120.436,1.4
Viet Nam,1903,6,26.8618,74,190.991,1.4
Viet Nam,1903,7,26.8755,76,297.298,1.4
Viet Nam,1903,8,26.3445,78,267.882,1.4
Viet Nam,1903,9,25.5127,81,283.117,1.2
Viet Nam,1903,10,24.5631,87,245.285,1.1
Viet Nam,1903,11,21.7019,85,134.418,1
Viet Nam,1903,12,18.8439,85,61.5079,0.9
Viet Nam,1904,1,18.4279,85,15.574,1.6
Viet Nam,1904,2,20.4542,80,12.4653,1.6
Viet Nam,1904,3,21.7418,85,30.8583,1.6
Viet Nam,1904,4,24.7911,82,81.7502,1.5
Viet Nam,1904,5,26.3276,81,241.263,1.7
Viet Nam,1904,6,26.8603,77,293.484,1.4
Viet Nam,1904,7,26.7429,75,323.141,1.5
Viet Nam,1904,8,26.6843,78,268.649,2.9
Viet Nam,1904,9,26.1428,81,272.68,1.2
Viet Nam,1904,10,24.8926,88,219.869,1.4
Viet Nam,1904,11,22.0231,85,163.82,1.7
Viet Nam,1904,12,19.3703,87,71.5156,0.9
Viet Nam,1905,1,20.6991,86,17.2999,1.1
Viet Nam,1905,2,20.5459,85,18.7016,1.3
Viet Nam,1905,3,21.1576,84,60.0681,1.6
Viet Nam,1905,4,24.917,81,46.6899,1.6
Viet Nam,1905,5,26.9441,77,147.268,1.4
Viet Nam,1905,6,27.1493,73,254.158,1.4
Viet Nam,1905,7,27.0759,71,194.004,1.4
Viet Nam,1905,8,26.7677,82,195.873,1.4
Viet Nam,1905,9,26.2378,82,335.829,1.2
Viet Nam,1905,10,24.8232,84,199.159,1.1
Viet Nam,1905,11,22.7442,82,149.183,1
Viet Nam,1905,12,21.9876,82,78.5785,0.9
Viet Nam,1906,1,20.1325,84,50.2122,1.6
Viet Nam,1906,2,21.3171,85,9.32183,1.7
Viet Nam,1906,3,21.8135,84,27.5938,1.7
Viet Nam,1906,4,25.4722,83,49.7408,1.5
Viet Nam,1906,5,27.1468,77,220.613,1.5
Viet Nam,1906,6,27.5584,71,208.202,1.6
Viet Nam,1906,7,27.3663,80,208.181,1.5
Viet Nam,1906,8,27.0919,78,189.32,1.4
Viet Nam,1906,9,26.5702,82,338.62,1.4
Viet Nam,1906,10,24.5204,86,169.922,1.6
Viet Nam,1906,11,21.9425,86,132.931,1.7
Viet Nam,1906,12,20.5509,88,67.2002,1.5
Viet Nam,1907,1,19.805,87,40.3498,1.6
Viet Nam,1907,2,20.4623,83,30.653,1.6
Viet Nam,1907,3,21.5803,85,36.3949,1.8
Viet Nam,1907,4,24.7837,80,66.3495,1.5
Viet Nam,1907,5,26.354,80,166.088,1.7
Viet Nam,1907,6,26.6484,74,170.771,2.5
Viet Nam,1907,7,26.907,76,208.8,2.8
Viet Nam,1907,8,26.7279,78,257.66,2.9
Viet Nam,1907,9,26.01,81,236.306,1.3
Viet Nam,1907,10,25.1829,87,271.668,1.4
Viet Nam,1907,11,23.0292,85,164.83,1.6
Viet Nam,1907,12,19.4259,85,77.3046,1.4
Viet Nam,1908,1,19.8763,84,80.7093,1.6
Viet Nam,1908,2,20.2923,85,47.4395,1.6
Viet Nam,1908,3,21.5604,84,28.7764,1.8
Viet Nam,1908,4,25.0713,83,50.4546,1.5
Viet Nam,1908,5,26.4725,77,191.498,1.7
Viet Nam,1908,6,26.9422,71,251.748,2.5
Viet Nam,1908,7,26.9094,80,210.755,2.8
Viet Nam,1908,8,26.7525,78,281.205,2.9
Viet Nam,1908,9,26.1199,82,368.128,1.3
Viet Nam,1908,10,24.7825,86,215.135,1.4
Viet Nam,1908,11,22.0904,86,150.493,1.6
Viet Nam,1908,12,20.2436,88,84.2188,1.4
Viet Nam,1909,1,19.5941,84,45.9201,1.6
Viet Nam,1909,2,20.8169,85,36.0978,1.7
Viet Nam,1909,3,22.2486,84,37.4464,1.7
Viet Nam,1909,4,25.23,83,52.6075,1.5
Viet Nam,1909,5,26.0395,77,231.072,1.5
Viet Nam,1909,6,27.169,71,229.055,1.6
Viet Nam,1909,7,26.884,80,283.916,1.5
Viet Nam,1909,8,26.9464,78,334.773,1.4
Viet Nam,1909,9,26.5795,82,277.376,1.4
Viet Nam,1909,10,25.2496,86,232.89,1.6
Viet Nam,1909,11,22.5366,86,172.567,1.7
Viet Nam,1909,12,20.1225,88,54.1028,1.5
Viet Nam,1910,1,20.1849,86,36.1242,1.6
Viet Nam,1910,2,20.3049,85,44.7372,1.6
Viet Nam,1910,3,21.5811,84,70.956,1.8
Viet Nam,1910,4,24.9876,81,58.5153,1.5
Viet Nam,1910,5,27.1076,77,174.457,1.7
Viet Nam,1910,6,27.0149,73,239.387,2.5
Viet Nam,1910,7,26.8705,71,205.434,2.8
Viet Nam,1910,8,26.8756,82,290.031,2.9
Viet Nam,1910,9,25.7518,82,318.33,1.3
Viet Nam,1910,10,24.4061,84,216.036,1.4
Viet Nam,1910,11,22.3868,82,184.151,1.6
Viet Nam,1910,12,19.1722,82,66.4869,1.4
Viet Nam,1911,1,19.2574,87,63.2634,1.1
Viet Nam,1911,2,20.2443,83,64.5233,1.3
Viet Nam,1911,3,22.0751,85,45.7912,1.6
Viet Nam,1911,4,25.2675,80,81.3827,1.6
Viet Nam,1911,5,26.549,80,198.05,1.4
Viet Nam,1911,6,27.339,74,228.678,1.4
Viet Nam,1911,7,26.9263,76,245.995,1.4
Viet Nam,1911,8,27.0404,78,227.249,1.4
Viet Nam,1911,9,26.3742,81,238.777,1.2
Viet Nam,1911,10,24.5429,87,195.629,1.1
Viet Nam,1911,11,23.149,85,119.721,1
Viet Nam,1911,12,21.1391,85,53.3474,0.9
Viet Nam,1912,1,19.5082,85,63.421,1.6
Viet Nam,1912,2,20.7848,80,24.1936,1.6
Viet Nam,1912,3,22.8214,85,31.1684,1.6
Viet Nam,1912,4,25.4073,82,106.989,1.5
Viet Nam,1912,5,27.731,81,153.707,1.7
Viet Nam,1912,6,27.5964,77,188.5,1.4
Viet Nam,1912,7,26.6894,75,250.286,1.5
Viet Nam,1912,8,26.3784,78,221.414,2.9
Viet Nam,1912,9,25.6256,81,233.588,1.2
Viet Nam,1912,10,24.4241,88,175.489,1.4
Viet Nam,1912,11,21.6739,85,240.354,1.7
Viet Nam,1912,12,20.008,87,52.4105,0.9
Viet Nam,1913,1,19.2835,86,25.3784,1.1
Viet Nam,1913,2,20.8853,85,50.2452,1.3
Viet Nam,1913,3,21.6073,84,28.2743,1.6
Viet Nam,1913,4,25.3371,81,70.576,1.6
Viet Nam,1913,5,25.8148,77,204.433,1.4
Viet Nam,1913,6,26.9078,73,172.088,1.4
Viet Nam,1913,7,26.5561,71,260.643,1.4
Viet Nam,1913,8,26.38,82,326.81,1.4
Viet Nam,1913,9,25.8716,82,271.822,1.2
Viet Nam,1913,10,24.5162,84,0.193,1.1
Viet Nam,1913,11,21.8009,82,193.165,1
Viet Nam,1913,12,19.7986,82,95.5038,0.9
Viet Nam,1914,1,19.3866,84,33.3785,1.6
Viet Nam,1914,2,20.9679,85,34.6085,1.7
Viet Nam,1914,3,22.5045,84,43.9191,1.7
Viet Nam,1914,4,25.6753,83,65.5633,1.5
Viet Nam,1914,5,27.3677,77,152.696,1.5
Viet Nam,1914,6,26.9035,71,267.062,1.6
Viet Nam,1914,7,27.0663,80,277.608,1.5
Viet Nam,1914,8,26.4538,78,233.846,1.4
Viet Nam,1914,9,25.8293,82,189.752,1.4
Viet Nam,1914,10,24.3534,86,248.902,1.6
Viet Nam,1914,11,22.4094,86,124.785,1.7
Viet Nam,1914,12,20.9227,88,98.4724,1.5
Viet Nam,1915,1,19.7414,87,11.1021,1.6
Viet Nam,1915,2,21.5297,83,8.03026,1.6
Viet Nam,1915,3,22.3597,85,45.8907,1.8
Viet Nam,1915,4,25.8695,80,52.4092,1.5
Viet Nam,1915,5,26.4653,80,156.143,1.7
Viet Nam,1915,6,27.2969,74,241.656,2.5
Viet Nam,1915,7,26.8358,76,298.222,2.8
Viet Nam,1915,8,26.9775,78,280.642,2.9
Viet Nam,1915,9,25.8434,81,269.17,1.3
Viet Nam,1915,10,25.2105,87,345.662,1.4
Viet Nam,1915,11,22.2299,85,117.615,1.6
Viet Nam,1915,12,19.5096,85,94.2882,1.4
Viet Nam,1916,1,18.9564,84,20.1506,1.6
Viet Nam,1916,2,20.463,85,12.4169,1.6
Viet Nam,1916,3,22.0107,84,66.9244,1.8
Viet Nam,1916,4,25.4573,83,50.0665,1.5
Viet Nam,1916,5,27.0004,77,161.311,1.7
Viet Nam,1916,6,26.8282,71,269.343,2.5
Viet Nam,1916,7,27.0423,80,194.574,2.8
Viet Nam,1916,8,26.8892,78,219.406,2.9
Viet Nam,1916,9,25.9188,82,335.736,1.3
Viet Nam,1916,10,24.2556,86,197.402,1.4
Viet Nam,1916,11,21.7417,86,91.5741,1.6
Viet Nam,1916,12,19.7609,88,47.9915,1.4
Viet Nam,1917,1,18.8209,86,23.9796,1.6
Viet Nam,1917,2,20.164,85,8.5481,1.7
Viet Nam,1917,3,21.0427,84,35.0203,1.7
Viet Nam,1917,4,25.1675,81,48.9509,1.5
Viet Nam,1917,5,26.5491,77,130.391,1.5
Viet Nam,1917,6,26.7358,73,230.82,1.6
Viet Nam,1917,7,26.6752,71,286.253,1.5
Viet Nam,1917,8,26.4568,82,259.477,1.4
Viet Nam,1917,9,25.9243,82,296.054,1.4
Viet Nam,1917,10,24.4013,84,274.979,1.6
Viet Nam,1917,11,22.1639,82,216.404,1.7
Viet Nam,1917,12,19.336,82,56.4445,1.5
Viet Nam,1918,1,17.9119,86,16.1549,1.1
Viet Nam,1918,2,19.5917,85,28.7493,1.3
Viet Nam,1918,3,21.7097,84,45.0492,1.6
Viet Nam,1918,4,24.6076,81,65.6988,1.6
Viet Nam,1918,5,26.18,77,229.856,1.4
Viet Nam,1918,6,26.7117,73,250.671,1.4
Viet Nam,1918,7,27.279,71,247.453,1.4
Viet Nam,1918,8,26.4162,82,289.637,1.4
Viet Nam,1918,9,26.384,82,299.911,1.2
Viet Nam,1918,10,25.0389,84,269.011,1.1
Viet Nam,1918,11,22.7141,82,137.181,1
Viet Nam,1918,12,21.4196,82,53.4269,0.9
Viet Nam,1919,1,20.1148,87,8.2541,1.6
Viet Nam,1919,2,20.4996,83,16.1876,1.7
Viet Nam,1919,3,23.4725,85,25.1618,1.7
Viet Nam,1919,4,25.9429,80,54.0424,1.5
Viet Nam,1919,5,27.0922,80,160.836,1.5
Viet Nam,1919,6,27.2809,74,212.827,1.6
Viet Nam,1919,7,26.971,76,252.769,1.5
Viet Nam,1919,8,26.9791,78,343.243,1.4
Viet Nam,1919,9,25.7586,81,201.547,1.4
Viet Nam,1919,10,24.3741,87,165.403,1.6
Viet Nam,1919,11,22.2408,85,149.833,1.7
Viet Nam,1919,12,20.4771,85,45.7515,1.5
Viet Nam,1920,1,18.9345,84,21.3448,1.6
Viet Nam,1920,2,20.1344,85,21.7186,1.6
Viet Nam,1920,3,22.329,84,41.243,1.8
Viet Nam,1920,4,25.1469,83,73.286,1.5
Viet Nam,1920,5,26.9748,77,173.623,1.7
Viet Nam,1920,6,27.1841,71,179.505,2.5
Viet Nam,1920,7,27.1981,80,284.524,2.8
Viet Nam,1920,8,26.778,78,275.898,2.9
Viet Nam,1920,9,26.3178,82,345.219,1.3
Viet Nam,1920,10,24.2482,86,234.579,1.4
Viet Nam,1920,11,23.028,86,168.775,1.6
Viet Nam,1920,12,20.5506,88,108.356,1.4
Viet Nam,1921,1,19.4093,86,44.802,1.1
Viet Nam,1921,2,20.2278,85,36.9018,1.3
Viet Nam,1921,3,22.3285,84,88.0249,1.6
Viet Nam,1921,4,25.6957,81,46.7199,1.6
Viet Nam,1921,5,26.6225,77,219.701,1.4
Viet Nam,1921,6,27.2872,73,194.638,1.4
Viet Nam,1921,7,26.724,71,275.73,1.4
Viet Nam,1921,8,26.9869,82,312.522,1.4
Viet Nam,1921,9,25.6677,82,286.605,1.2
Viet Nam,1921,10,24.3904,84,185.596,1.1
Viet Nam,1921,11,21.9224,82,84.5353,1
Viet Nam,1921,12,20.8419,82,41.2094,0.9
Viet Nam,1922,1,20.322,86,30.5491,1.6
Viet Nam,1922,2,21.8673,85,17.1872,1.7
Viet Nam,1922,3,21.9689,84,52.9871,1.7
Viet Nam,1922,4,25.6623,81,58.2854,1.5
Viet Nam,1922,5,27.7169,77,122.198,1.5
Viet Nam,1922,6,27.4566,73,218.006,1.6
Viet Nam,1922,7,26.8105,71,314.528,1.5
Viet Nam,1922,8,26.9306,82,275.673,1.4
Viet Nam,1922,9,26.2717,82,274.662,1.4
Viet Nam,1922,10,24.6882,84,154.45,1.6
Viet Nam,1922,11,21.9891,82,148.52,1.7
Viet Nam,1922,12,20.0261,82,63.0568,1.5
Viet Nam,1923,1,20.0508,87,23.836,1.6
Viet Nam,1923,2,20.1509,83,17.9395,1.6
Viet Nam,1923,3,22.7063,85,38.0408,1.8
Viet Nam,1923,4,25.103,80,111.672,1.5
Viet Nam,1923,5,26.2262,80,177.523,1.7
Viet Nam,1923,6,26.584,74,284.311,2.5
Viet Nam,1923,7,26.6768,76,243.543,2.8
Viet Nam,1923,8,26.3067,78,261.543,2.9
Viet Nam,1923,9,26.2835,81,242.814,1.3
Viet Nam,1923,10,24.8983,87,243.241,1.4
Viet Nam,1923,11,23.3649,85,140.774,1.6
Viet Nam,1923,12,21.0676,85,60.634,1.4
Viet Nam,1924,1,20.4724,84,75.3609,1.6
Viet Nam,1924,2,20.9607,85,16.0587,1.6
Viet Nam,1924,3,22.3698,84,33.8549,1.8
Viet Nam,1924,4,25.2037,83,63.8053,1.5
Viet Nam,1924,5,27.4779,77,185.087,1.7
Viet Nam,1924,6,27.1136,71,294.418,2.5
Viet Nam,1924,7,26.5077,80,348.074,2.8
Viet Nam,1924,8,26.8958,78,307.497,2.9
Viet Nam,1924,9,26.8418,82,180.908,1.3
Viet Nam,1924,10,24.6827,86,221.077,1.4
Viet Nam,1924,11,22.9255,86,84.6819,1.6
Viet Nam,1924,12,20.0691,88,35.7835,1.4
Viet Nam,1925,1,18.9411,86,30.9026,1.1
Viet Nam,1925,2,19.2842,85,6.90479,1.3
Viet Nam,1925,3,21.9655,84,87.2118,1.6
Viet Nam,1925,4,23.7746,81,80.6658,1.6
Viet Nam,1925,5,26.9247,77,168.791,1.4
Viet Nam,1925,6,26.9689,73,240.679,1.4
Viet Nam,1925,7,27.1998,71,258.031,1.4
Viet Nam,1925,8,27.2379,82,190.62,1.4
Viet Nam,1925,9,26.3273,82,251.569,1.2
Viet Nam,1925,10,24.1456,84,176.49,1.1
Viet Nam,1925,11,23.0768,82,112.602,1
Viet Nam,1925,12,19.7553,82,52.3399,0.9
Viet Nam,1926,1,20.0756,87,20.9913,1.6
Viet Nam,1926,2,20.6115,83,34.6956,1.7
Viet Nam,1926,3,22.0303,85,53.8812,1.7
Viet Nam,1926,4,26.0876,80,42.5275,1.5
Viet Nam,1926,5,27.571,80,126.572,1.5
Viet Nam,1926,6,27.0669,74,294.301,1.6
Viet Nam,1926,7,27.279,76,293.742,1.5
Viet Nam,1926,8,26.6134,78,345.663,1.4
Viet Nam,1926,9,26.5832,81,304.312,1.4
Viet Nam,1926,10,23.9948,87,233.424,1.6
Viet Nam,1926,11,22.8009,85,126.608,1.7
Viet Nam,1926,12,20.6531,85,78.2989,1.5
Viet Nam,1927,1,19.9111,84,10.4273,1.6
Viet Nam,1927,2,20.4462,85,36.0575,1.6
Viet Nam,1927,3,21.9545,84,34.6698,1.8
Viet Nam,1927,4,24.5236,83,99.8502,1.5
Viet Nam,1927,5,26.5067,77,201.222,1.7
Viet Nam,1927,6,27.1421,71,261.271,2.5
Viet Nam,1927,7,27.1265,80,294.837,2.8
Viet Nam,1927,8,27.0664,78,259.195,2.9
Viet Nam,1927,9,25.8663,82,278.555,1.3
Viet Nam,1927,10,24.4299,86,290.49,1.4
Viet Nam,1927,11,23.2177,86,118.582,1.6
Viet Nam,1927,12,21.5092,88,41.2015,1.4
Viet Nam,1928,1,21.6696,86,11.933,1.6
Viet Nam,1928,2,19.9237,85,74.4238,1.6
Viet Nam,1928,3,23.2143,84,22.9793,1.8
Viet Nam,1928,4,25.4788,81,75.3933,1.5
Viet Nam,1928,5,27.3239,77,221.521,1.7
Viet Nam,1928,6,26.9926,73,218.528,2.5
Viet Nam,1928,7,27.3613,71,269.136,2.8
Viet Nam,1928,8,27.1713,82,310.459,2.9
Viet Nam,1928,9,26.4035,82,224.501,1.3
Viet Nam,1928,10,23.1739,84,170.813,1.4
Viet Nam,1928,11,21.6339,82,118.471,1.6
Viet Nam,1928,12,21.6945,82,37.7867,1.4
Viet Nam,1929,1,21.1592,87,32.5601,1.1
Viet Nam,1929,2,21.159,83,51.1332,1.3
Viet Nam,1929,3,21.7178,85,35.4047,1.6
Viet Nam,1929,4,24.7681,80,65.4184,1.6
Viet Nam,1929,5,28.0372,80,197.306,1.4
Viet Nam,1929,6,27.5993,74,212.383,1.4
Viet Nam,1929,7,27.1015,76,307.946,1.4
Viet Nam,1929,8,27.1095,78,246.803,1.4
Viet Nam,1929,9,26.1626,81,304.67,1.2
Viet Nam,1929,10,24.8516,87,207.602,1.1
Viet Nam,1929,11,21.9665,85,96.4646,1
Viet Nam,1929,12,21.83,85,123.939,0.9
Viet Nam,1930,1,17.9775,84,20.1321,1.6
Viet Nam,1930,2,20.843,85,45.9573,1.7
Viet Nam,1930,3,21.1637,84,42.8068,1.7
Viet Nam,1930,4,26.5406,83,94.6376,1.5
Viet Nam,1930,5,26.97,77,220.309,1.5
Viet Nam,1930,6,27.5333,71,214.669,1.6
Viet Nam,1930,7,27.3791,80,234.358,1.5
Viet Nam,1930,8,27.0379,78,231.557,1.4
Viet Nam,1930,9,25.8204,82,220.743,1.4
Viet Nam,1930,10,24.8271,86,123.011,1.6
Viet Nam,1930,11,23.0156,86,170.344,1.7
Viet Nam,1930,12,21.3176,88,49.5406,1.5
Viet Nam,1931,1,20.7358,86,34.456,1.6
Viet Nam,1931,2,22.4036,85,31.5782,1.6
Viet Nam,1931,3,23.5093,84,20.5265,1.8
Viet Nam,1931,4,27.3651,81,44.7925,1.5
Viet Nam,1931,5,27.9734,77,141.451,1.7
Viet Nam,1931,6,28.2249,73,235.028,2.5
Viet Nam,1931,7,27.3724,71,248.834,2.8
Viet Nam,1931,8,27.4723,82,276.803,2.9
Viet Nam,1931,9,26.1062,82,246.852,1.3
Viet Nam,1931,10,23.3562,84,182.984,1.4
Viet Nam,1931,11,22.1705,82,85.587,1.6
Viet Nam,1931,12,20.6232,82,50.3756,1.4
Viet Nam,1932,1,18.9438,86,10.0511,1.6
Viet Nam,1932,2,19.4223,85,38.0725,1.6
Viet Nam,1932,3,21.1113,84,36.6421,1.8
Viet Nam,1932,4,25.7433,81,84.244,1.5
Viet Nam,1932,5,28.1548,77,132.375,1.7
Viet Nam,1932,6,27.6412,73,204.775,2.5
Viet Nam,1932,7,26.9798,71,259.478,2.8
Viet Nam,1932,8,27.345,82,258.888,2.9
Viet Nam,1932,9,25.5666,82,274.263,1.3
Viet Nam,1932,10,24.0112,84,333.088,1.4
Viet Nam,1932,11,22.6985,82,95.6466,1.6
Viet Nam,1932,12,19.7984,82,37.1543,1.4
Viet Nam,1933,1,17.8952,84,35.3956,1.1
Viet Nam,1933,2,21.1641,85,29.4036,1.3
Viet Nam,1933,3,22.0227,84,39.3073,1.6
Viet Nam,1933,4,26.629,83,55.1317,1.6
Viet Nam,1933,5,27.1658,77,173.753,1.4
Viet Nam,1933,6,27.8508,71,174.35,1.4
Viet Nam,1933,7,27.0913,80,263.296,1.4
Viet Nam,1933,8,27.0242,78,218.072,1.4
Viet Nam,1933,9,26.472,82,244.022,1.2
Viet Nam,1933,10,24.3924,86,252.071,1.1
Viet Nam,1933,11,22.1385,86,206.402,1
Viet Nam,1933,12,21.6002,88,29.0882,0.9
Viet Nam,1934,1,17.9604,87,11.8828,1.6
Viet Nam,1934,2,20.708,83,56.3923,1.7
Viet Nam,1934,3,21.8809,85,43.3529,1.7
Viet Nam,1934,4,24.4243,80,60.5347,1.5
Viet Nam,1934,5,27.2684,80,116.22,1.5
Viet Nam,1934,6,27.1547,74,231.59,1.6
Viet Nam,1934,7,26.9375,76,319.73,1.5
Viet Nam,1934,8,26.9232,78,328.396,1.4
Viet Nam,1934,9,26.5738,81,257.08,1.4
Viet Nam,1934,10,23.4867,87,191.179,1.6
Viet Nam,1934,11,22.6142,85,213.371,1.7
Viet Nam,1934,12,20.825,85,57.9454,1.5
Viet Nam,1935,1,20.4565,84,19.6565,1.6
Viet Nam,1935,2,21.6425,85,39.9791,1.6
Viet Nam,1935,3,23.2669,84,14.7121,1.8
Viet Nam,1935,4,25.8311,83,43.9029,1.5
Viet Nam,1935,5,27.0002,77,195.616,1.7
Viet Nam,1935,6,27.4898,71,183.27,2.5
Viet Nam,1935,7,27.2227,80,314.222,2.8
Viet Nam,1935,8,27.0409,78,190.551,2.9
Viet Nam,1935,9,25.6769,82,240.601,1.3
Viet Nam,1935,10,25.4572,86,173.593,1.4
Viet Nam,1935,11,23.4926,86,213.276,1.6
Viet Nam,1935,12,19.6739,88,112.612,1.4
Viet Nam,1936,1,18.4575,86,27.4304,1.6
Viet Nam,1936,2,20.9412,85,24.1959,1.6
Viet Nam,1936,3,20.1724,84,37.9357,1.8
Viet Nam,1936,4,25.834,81,37.8698,1.5
Viet Nam,1936,5,26.8647,77,152.429,1.7
Viet Nam,1936,6,27.1557,73,216.941,2.5
Viet Nam,1936,7,27.0363,71,237.367,2.8
Viet Nam,1936,8,26.7778,82,346.019,2.9
Viet Nam,1936,9,25.8206,82,255.869,1.3
Viet Nam,1936,10,23.6201,84,150.765,1.4
Viet Nam,1936,11,23.2127,82,80.9889,1.6
Viet Nam,1936,12,21.5663,82,72.2895,1.4
Viet Nam,1937,1,20.2019,87,41.7636,1.1
Viet Nam,1937,2,21.2271,83,53.3205,1.3
Viet Nam,1937,3,23.4146,85,11.2434,1.6
Viet Nam,1937,4,26.1427,80,53.9171,1.6
Viet Nam,1937,5,26.7551,80,193.068,1.4
Viet Nam,1937,6,27.1068,74,188.31,1.4
Viet Nam,1937,7,26.9922,76,246.202,1.4
Viet Nam,1937,8,26.7505,78,321.046,1.4
Viet Nam,1937,9,26.1223,81,278.324,1.2
Viet Nam,1937,10,24.8498,87,143.887,1.1
Viet Nam,1937,11,22.7203,85,110.772,1
Viet Nam,1937,12,21.4383,85,63.3307,0.9
Viet Nam,1938,1,20.319,84,14.5836,1.6
Viet Nam,1938,2,20.8241,85,20.9255,1.7
Viet Nam,1938,3,21.4985,84,15.827,1.7
Viet Nam,1938,4,25.4814,83,60.4361,1.5
Viet Nam,1938,5,26.379,77,146.007,1.5
Viet Nam,1938,6,27.2996,71,214.523,1.6
Viet Nam,1938,7,26.5803,80,252.637,1.5
Viet Nam,1938,8,26.6128,78,280.744,1.4
Viet Nam,1938,9,26.1981,82,288.84,1.4
Viet Nam,1938,10,24.6157,86,299.608,1.6
Viet Nam,1938,11,22.0246,86,76.2557,1.7
Viet Nam,1938,12,21.2453,88,43.5625,1.5
Viet Nam,1939,1,19.985,86,17.223,1.6
Viet Nam,1939,2,21.2525,85,31.9604,1.6
Viet Nam,1939,3,22.6728,84,36.8148,1.8
Viet Nam,1939,4,24.6746,81,52.3682,1.5
Viet Nam,1939,5,26.7349,77,129.439,1.7
Viet Nam,1939,6,26.9823,73,195.422,2.5
Viet Nam,1939,7,27.154,71,311.489,2.8
Viet Nam,1939,8,26.8794,82,330.333,2.9
Viet Nam,1939,9,25.7482,82,325.138,1.3
Viet Nam,1939,10,24.9427,84,149.853,1.4
Viet Nam,1939,11,23.3696,82,164.525,1.6
Viet Nam,1939,12,18.3399,82,28.0971,1.4
Viet Nam,1940,1,18.6491,87,7.3929,1.6
Viet Nam,1940,2,21.0729,83,15.3306,1.6
Viet Nam,1940,3,22.2624,85,29.6858,1.8
Viet Nam,1940,4,24.9987,80,48.388,1.5
Viet Nam,1940,5,26.7184,80,165.559,1.7
Viet Nam,1940,6,27.4059,74,197.674,2.5
Viet Nam,1940,7,27.4297,76,293.258,2.8
Viet Nam,1940,8,26.715,78,260.936,2.9
Viet Nam,1940,9,26.6463,81,304.948,1.3
Viet Nam,1940,10,25.4413,87,169.959,1.4
Viet Nam,1940,11,22.9433,85,204.95,1.6
Viet Nam,1940,12,22.018,85,40.7774,1.4
Viet Nam,1941,1,22.4625,84,9.91701,1.1
Viet Nam,1941,2,22.5177,85,27.1684,1.3
Viet Nam,1941,3,22.9915,84,28.7968,1.6
Viet Nam,1941,4,25.7081,83,68.2371,1.6
Viet Nam,1941,5,27.1145,77,191.81,1.4
Viet Nam,1941,6,27.0946,71,264.869,1.4
Viet Nam,1941,7,27.5476,80,305.046,1.4
Viet Nam,1941,8,26.8881,78,300.364,1.4
Viet Nam,1941,9,25.8418,82,229.46,1.2
Viet Nam,1941,10,24.4897,86,285.679,1.1
Viet Nam,1941,11,22.7154,86,144.663,1
Viet Nam,1941,12,21.4047,88,104.768,0.9
Viet Nam,1942,1,20.2217,86,20.7474,1.6
Viet Nam,1942,2,21.5084,85,21.9495,1.7
Viet Nam,1942,3,23.2954,84,71.2139,1.7
Viet Nam,1942,4,25.4654,81,98.805,1.5
Viet Nam,1942,5,26.8614,77,133.996,1.5
Viet Nam,1942,6,27.2278,73,254.37,1.6
Viet Nam,1942,7,26.8383,71,239.318,1.5
Viet Nam,1942,8,26.5821,82,251.567,1.4
Viet Nam,1942,9,26.4685,82,177.717,1.4
Viet Nam,1942,10,24.9388,84,287.344,1.6
Viet Nam,1942,11,23.3327,82,130.93,1.7
Viet Nam,1942,12,20.6908,82,72.1321,1.5
Viet Nam,1943,1,19.192,86,12.9288,1.6
Viet Nam,1943,2,20.5195,85,14.9516,1.6
Viet Nam,1943,3,22.7081,84,48.805,1.8
Viet Nam,1943,4,24.8667,81,103.839,1.5
Viet Nam,1943,5,27.0865,77,139.367,1.7
Viet Nam,1943,6,27.258,73,188.272,2.5
Viet Nam,1943,7,27.106,71,244.867,2.8
Viet Nam,1943,8,26.5918,82,304.312,2.9
Viet Nam,1943,9,26.3345,82,275.104,1.3
Viet Nam,1943,10,25.2382,84,151.378,1.4
Viet Nam,1943,11,22.4729,82,140.753,1.6
Viet Nam,1943,12,20.4722,82,72.9583,1.4
Viet Nam,1944,1,20.6727,87,31.522,1.6
Viet Nam,1944,2,21.0461,83,18.4373,1.6
Viet Nam,1944,3,22.7601,85,16.1635,1.8
Viet Nam,1944,4,25.9034,80,77.2718,1.5
Viet Nam,1944,5,26.3863,80,173.749,1.7
Viet Nam,1944,6,27.0021,74,204.048,2.5
Viet Nam,1944,7,27.2214,76,254.998,2.8
Viet Nam,1944,8,26.6545,78,351.924,2.9
Viet Nam,1944,9,26.3151,81,224.547,1.3
Viet Nam,1944,10,24.4527,87,324.37,1.4
Viet Nam,1944,11,22.7925,85,212.886,1.6
Viet Nam,1944,12,18.2164,85,64.086,1.4
Viet Nam,1945,1,19.1859,84,29.3748,1.1
Viet Nam,1945,2,19.2883,85,28.2109,1.3
Viet Nam,1945,3,21.8852,84,32.4914,1.6
Viet Nam,1945,4,25.0775,83,70.2638,1.6
Viet Nam,1945,5,26.1077,77,208.976,1.4
Viet Nam,1945,6,27.4587,71,278.014,1.4
Viet Nam,1945,7,27.3159,80,198.92,1.4
Viet Nam,1945,8,26.8971,78,361.416,1.4
Viet Nam,1945,9,26.4633,82,352.63,1.2
Viet Nam,1945,10,23.8965,86,126.243,1.1
Viet Nam,1945,11,23.7971,86,236.292,1
Viet Nam,1945,12,20.5451,88,73.7124,0.9
Viet Nam,1946,1,20.2428,86,12.4865,1.6
Viet Nam,1946,2,21.4644,85,11.4236,1.7
Viet Nam,1946,3,23.1751,84,27.429,1.7
Viet Nam,1946,4,26.0307,81,79.4929,1.5
Viet Nam,1946,5,26.6991,77,239.019,1.5
Viet Nam,1946,6,27.5713,73,227.448,1.6
Viet Nam,1946,7,26.7619,71,288.481,1.5
Viet Nam,1946,8,26.7645,82,295.093,1.4
Viet Nam,1946,9,26.3062,82,239.455,1.4
Viet Nam,1946,10,24.3957,84,264.349,1.6
Viet Nam,1946,11,23.0802,82,115.59,1.7
Viet Nam,1946,12,21.1434,82,42.0222,1.5
Viet Nam,1947,1,21.6732,87,46.2888,1.6
Viet Nam,1947,2,20.4248,83,12.9099,1.6
Viet Nam,1947,3,22.0653,85,46.3048,1.8
Viet Nam,1947,4,24.2624,80,106.132,1.5
Viet Nam,1947,5,27.3209,80,150.247,1.7
Viet Nam,1947,6,27.049,74,244.669,2.5
Viet Nam,1947,7,26.914,76,343.111,2.8
Viet Nam,1947,8,27.015,78,212.042,2.9
Viet Nam,1947,9,26.1897,81,265.018,1.3
Viet Nam,1947,10,24.2199,87,149.041,1.4
Viet Nam,1947,11,22.4661,85,87.1868,1.6
Viet Nam,1947,12,20.3134,85,44.1613,1.4
Viet Nam,1948,1,19.8484,84,8.17599,1.1
Viet Nam,1948,2,21.743,85,27.8435,1.3
Viet Nam,1948,3,22.9013,84,44.7903,1.6
Viet Nam,1948,4,25.3576,83,95.181,1.6
Viet Nam,1948,5,26.8326,77,218.879,1.4
Viet Nam,1948,6,27.5233,71,220.292,1.4
Viet Nam,1948,7,26.8977,80,274.978,1.4
Viet Nam,1948,8,26.952,78,284.89,1.4
Viet Nam,1948,9,26.205,82,245.094,1.2
Viet Nam,1948,10,24.7128,86,201.705,1.1
Viet Nam,1948,11,21.298,86,89.3474,1
Viet Nam,1948,12,21.6611,88,47.2336,0.9
Viet Nam,1949,1,19.2245,86,9.1731,1.6
Viet Nam,1949,2,21.3711,85,28.5444,1.7
Viet Nam,1949,3,22.3166,84,29.2816,1.7
Viet Nam,1949,4,25.0459,81,86.6358,1.5
Viet Nam,1949,5,27.0106,77,140.376,1.5
Viet Nam,1949,6,27.4209,73,199.17,1.6
Viet Nam,1949,7,27.2946,71,212.931,1.5
Viet Nam,1949,8,27.0517,82,295.589,1.4
Viet Nam,1949,9,26.4437,82,381.194,1.4
Viet Nam,1949,10,24.8744,84,260.077,1.6
Viet Nam,1949,11,22.7852,82,240.586,1.7
Viet Nam,1949,12,20.9925,82,63.2456,1.5
Viet Nam,1950,1,20.7413,87,44.342,1.6
Viet Nam,1950,2,20.1045,83,40.2018,1.6
Viet Nam,1950,3,22.9506,85,16.0099,1.8
Viet Nam,1950,4,25.0293,80,52.8408,1.5
Viet Nam,1950,5,26.8836,80,187.613,1.7
Viet Nam,1950,6,26.8378,74,266.47,2.5
Viet Nam,1950,7,26.9538,76,208.643,2.8
Viet Nam,1950,8,26.738,78,257.701,2.9
Viet Nam,1950,9,25.997,81,259.092,1.3
Viet Nam,1950,10,24.6382,87,315.713,1.4
Viet Nam,1950,11,22.5099,85,138.74,1.6
Viet Nam,1950,12,19.4495,85,30.5932,1.4
Viet Nam,1951,1,19.2228,84,28.2552,1.1
Viet Nam,1951,2,20.9909,85,9.89431,1.3
Viet Nam,1951,3,21.3759,84,40.0835,1.6
Viet Nam,1951,4,25.2727,83,69.5387,1.6
Viet Nam,1951,5,26.6115,77,170.409,1.4
Viet Nam,1951,6,26.5565,71,271.379,1.4
Viet Nam,1951,7,26.8675,80,187.883,1.4
Viet Nam,1951,8,26.9314,78,317.969,1.4
Viet Nam,1951,9,26.1106,82,248.647,1.2
Viet Nam,1951,10,24.6268,86,342.208,1.1
Viet Nam,1951,11,22.8152,86,215.261,1
Viet Nam,1951,12,20.7377,88,43.4312,0.9
Viet Nam,1952,1,20.1246,86,8.62317,1.6
Viet Nam,1952,2,21.6591,85,18.5838,1.7
Viet Nam,1952,3,22.7164,84,59.2625,1.7
Viet Nam,1952,4,25.525,81,77.0936,1.5
Viet Nam,1952,5,27.6431,77,121.345,1.5
Viet Nam,1952,6,27.3131,73,218.552,1.6
Viet Nam,1952,7,27.0279,71,295.145,1.5
Viet Nam,1952,8,26.6112,82,291.797,1.4
Viet Nam,1952,9,25.7729,82,283.42,1.4
Viet Nam,1952,10,24.5097,84,299.681,1.6
Viet Nam,1952,11,23.0735,82,125.311,1.7
Viet Nam,1952,12,19.0405,82,34.2702,1.5
Viet Nam,1953,1,20.0347,86,63.7258,1.6
Viet Nam,1953,2,20.9042,85,41.6708,1.6
Viet Nam,1953,3,22.8064,84,63.2594,1.8
Viet Nam,1953,4,24.616,81,54.6811,1.5
Viet Nam,1953,5,26.6252,77,218.551,1.7
Viet Nam,1953,6,26.9854,73,280.698,2.5
Viet Nam,1953,7,27.3183,71,202.472,2.8
Viet Nam,1953,8,27.165,82,289.45,2.9
Viet Nam,1953,9,25.6858,82,214.603,1.3
Viet Nam,1953,10,25.5259,84,215.955,1.4
Viet Nam,1953,11,22.8096,82,151.3,1.6
Viet Nam,1953,12,20.5556,82,67.1577,1.4
Viet Nam,1954,1,21.3148,84,71.7646,1.1
Viet Nam,1954,2,21.1919,85,22.0982,1.3
Viet Nam,1954,3,20.7459,84,80.4583,1.6
Viet Nam,1954,4,25.8799,83,64.1059,1.6
Viet Nam,1954,5,26.816,77,185.541,1.4
Viet Nam,1954,6,27.2678,71,188.821,1.4
Viet Nam,1954,7,27.6029,80,194.582,1.4
Viet Nam,1954,8,26.862,78,318.111,1.4
Viet Nam,1954,9,25.8635,82,293.847,1.2
Viet Nam,1954,10,24.2166,86,169.63,1.1
Viet Nam,1954,11,22.4526,86,65.9234,1
Viet Nam,1954,12,19.1727,88,40.0483,0.9
Viet Nam,1955,1,17.7019,86,10.6629,1.6
Viet Nam,1955,2,21.6682,85,5.92379,1.7
Viet Nam,1955,3,22.7183,84,38.7776,1.7
Viet Nam,1955,4,24.6367,81,59.0041,1.5
Viet Nam,1955,5,27.1476,77,202.501,1.5
Viet Nam,1955,6,26.7044,73,232.341,1.6
Viet Nam,1955,7,26.9616,71,182.859,1.5
Viet Nam,1955,8,26.4414,82,302.819,1.4
Viet Nam,1955,9,26.414,82,299.774,1.4
Viet Nam,1955,10,24.4321,84,147.401,1.6
Viet Nam,1955,11,21.1205,82,189.482,1.7
Viet Nam,1955,12,19.9951,82,44.682,1.5
Viet Nam,1956,1,18.0729,87,12.6827,1.6
Viet Nam,1956,2,21.3687,83,60.3907,1.6
Viet Nam,1956,3,22.5903,85,46.4481,1.8
Viet Nam,1956,4,25.4728,80,87.3119,1.5
Viet Nam,1956,5,26.2336,80,242.118,1.7
Viet Nam,1956,6,26.8207,74,200.411,2.5
Viet Nam,1956,7,26.9298,76,330.315,2.8
Viet Nam,1956,8,26.4081,78,330.54,2.9
Viet Nam,1956,9,26.1103,81,231.397,1.3
Viet Nam,1956,10,24.4196,87,159.779,1.4
Viet Nam,1956,11,21.3528,85,94.8356,1.6
Viet Nam,1956,12,19.5933,85,28.1846,1.4
Viet Nam,1957,1,19.9781,84,16.5506,1.1
Viet Nam,1957,2,19.0673,85,24.8185,1.3
Viet Nam,1957,3,21.4906,84,105.836,1.6
Viet Nam,1957,4,25.2066,83,73.0314,1.6
Viet Nam,1957,5,27.2412,77,150.467,1.4
Viet Nam,1957,6,26.5876,71,221.549,1.4
Viet Nam,1957,7,27.0133,80,254.498,1.4
Viet Nam,1957,8,26.9888,78,213.83,1.4
Viet Nam,1957,9,26.1092,82,189.699,1.2
Viet Nam,1957,10,24.1313,86,231.771,1.1
Viet Nam,1957,11,23.146,86,114.019,1
Viet Nam,1957,12,21.6093,88,28.5903,0.9
Viet Nam,1958,1,19.7549,86,44.3655,1.6
Viet Nam,1958,2,19.6837,85,39.4062,1.7
Viet Nam,1958,3,23.7243,84,25.6713,1.7
Viet Nam,1958,4,26.6118,81,48.1203,1.5
Viet Nam,1958,5,27.9558,77,130.552,1.5
Viet Nam,1958,6,27.2611,73,235.4,1.6
Viet Nam,1958,7,27.0144,71,238.915,1.5
Viet Nam,1958,8,26.5977,82,223.522,1.4
Viet Nam,1958,9,25.82,82,286.886,1.4
Viet Nam,1958,10,23.9962,84,231.245,1.6
Viet Nam,1958,11,21.4935,82,69.39,1.7
Viet Nam,1958,12,20.181,82,23.4729,1.5
Viet Nam,1959,1,19.0438,87,13.9816,1.6
Viet Nam,1959,2,21.3627,83,25.5618,1.6
Viet Nam,1959,3,21.1231,85,58.1292,1.8
Viet Nam,1959,4,25.7793,80,62.2848,1.5
Viet Nam,1959,5,26.696,80,192.662,1.7
Viet Nam,1959,6,27.8151,74,159.195,2.5
Viet Nam,1959,7,26.8217,76,246.782,2.8
Viet Nam,1959,8,26.7273,78,277.33,2.9
Viet Nam,1959,9,25.5741,81,267.778,1.3
Viet Nam,1959,10,24.3858,87,149.516,1.4
Viet Nam,1959,11,22.9884,85,76.0674,1.6
Viet Nam,1959,12,21.6102,85,74.5948,1.4
Viet Nam,1960,1,19.9235,84,42.9277,1.6
Viet Nam,1960,2,20.6892,85,15.1178,1.7
Viet Nam,1960,3,23.4656,84,38.1167,1.7
Viet Nam,1960,4,25.1915,83,24.6366,1.5
Viet Nam,1960,5,26.616,77,167.332,1.5
Viet Nam,1960,6,27.4634,71,201.088,1.6
Viet Nam,1960,7,26.7936,80,297.743,1.5
Viet Nam,1960,8,27.0188,78,298.016,1.4
Viet Nam,1960,9,25.9029,82,278.579,1.4
Viet Nam,1960,10,24.3224,86,290.829,1.6
Viet Nam,1960,11,23.1757,86,181.341,1.7
Viet Nam,1960,12,19.7838,88,49.495,1.5
Viet Nam,1961,1,18.8684,86,16.7633,1.6
Viet Nam,1961,2,20.1151,85,39.9448,1.6
Viet Nam,1961,3,22.5674,84,49.9933,1.8
Viet Nam,1961,4,25.4686,81,79.0586,1.5
Viet Nam,1961,5,26.7224,77,161.609,1.7
Viet Nam,1961,6,27.0669,73,216.878,2.5
Viet Nam,1961,7,27.0499,71,238.33,2.8
Viet Nam,1961,8,26.7339,82,320.406,2.9
Viet Nam,1961,9,25.7667,82,357.624,1.3
Viet Nam,1961,10,24.7162,84,296.755,1.4
Viet Nam,1961,11,22.3703,82,154.074,1.6
Viet Nam,1961,12,20.9435,82,105.554,1.4
Viet Nam,1962,1,17.6982,87,27.8227,1.1
Viet Nam,1962,2,20.0487,83,13.3585,1.3
Viet Nam,1962,3,21.6109,85,48.0702,1.6
Viet Nam,1962,4,24.9484,80,76.8722,1.6
Viet Nam,1962,5,27.0255,80,155.254,1.4
Viet Nam,1962,6,26.76,74,249.024,1.4
Viet Nam,1962,7,27.2278,76,199.596,1.4
Viet Nam,1962,8,26.6305,78,239.985,1.4
Viet Nam,1962,9,26.0034,81,276.677,1.2
Viet Nam,1962,10,24.6097,87,131.581,1.1
Viet Nam,1962,11,22.2231,85,99.4453,1
Viet Nam,1962,12,19.9621,85,27.7105,0.9
Viet Nam,1963,1,16.9022,85,60.6225,1.6
Viet Nam,1963,2,19.4514,80,12.1207,1.6
Viet Nam,1963,3,21.4207,85,73.7313,1.6
Viet Nam,1963,4,25.2424,82,39.6166,1.5
Viet Nam,1963,5,27.5782,81,102.209,1.7
Viet Nam,1963,6,27.129,77,232.851,1.4
Viet Nam,1963,7,26.7594,75,287.643,1.5
Viet Nam,1963,8,26.8958,78,271.739,2.9
Viet Nam,1963,9,26.7301,81,300.933,1.2
Viet Nam,1963,10,24.5016,88,234.959,1.4
Viet Nam,1963,11,23.571,85,276.011,1.7
Viet Nam,1963,12,20.3118,87,71.4485,0.9
Viet Nam,1964,1,20.3304,86,29.4687,1.1
Viet Nam,1964,2,19.4918,85,12.6635,1.3
Viet Nam,1964,3,22.0245,84,34.9143,1.6
Viet Nam,1964,4,25.9938,81,79.995,1.6
Viet Nam,1964,5,26.2458,77,151.032,1.4
Viet Nam,1964,6,26.8504,73,261.29,1.4
Viet Nam,1964,7,27.2768,71,250.304,1.4
Viet Nam,1964,8,26.8687,82,299.021,1.4
Viet Nam,1964,9,26.1119,82,263.484,1.2
Viet Nam,1964,10,24.9152,84,340.341,1.1
Viet Nam,1964,11,21.476,82,165.577,1
Viet Nam,1964,12,19.2716,82,53.5429,0.9
Viet Nam,1965,1,18.9415,84,6.35306,1.6
Viet Nam,1965,2,21.5834,85,17.487,1.7
Viet Nam,1965,3,21.5191,84,22.8221,1.7
Viet Nam,1965,4,25.1663,83,77.7146,1.5
Viet Nam,1965,5,26.5358,77,167.692,1.5
Viet Nam,1965,6,26.4433,71,306.222,1.6
Viet Nam,1965,7,26.8833,80,270.686,1.5
Viet Nam,1965,8,26.656,78,177.538,1.4
Viet Nam,1965,9,25.4667,82,223.667,1.4
Viet Nam,1965,10,25.0273,86,183.016,1.6
Viet Nam,1965,11,23.0334,86,153.412,1.7
Viet Nam,1965,12,21.2138,88,66.2776,1.5
Viet Nam,1966,1,21.17,87,24.2137,1.6
Viet Nam,1966,2,22.2144,83,11.913,1.6
Viet Nam,1966,3,23.2018,85,96.842,1.8
Viet Nam,1966,4,25.685,80,60.2959,1.5
Viet Nam,1966,5,25.9648,80,170.643,1.7
Viet Nam,1966,6,26.7212,74,264.742,2.5
Viet Nam,1966,7,26.9976,76,239.49,2.8
Viet Nam,1966,8,26.5349,78,226.016,2.9
Viet Nam,1966,9,25.4407,81,204.929,1.3
Viet Nam,1966,10,24.993,87,244.65,1.4
Viet Nam,1966,11,22.6771,85,130.818,1.6
Viet Nam,1966,12,21.5523,85,126.199,1.4
Viet Nam,1967,1,18.3702,84,72.0911,1.6
Viet Nam,1967,2,19.2135,85,16.7051,1.6
Viet Nam,1967,3,22.0908,84,14.9655,1.8
Viet Nam,1967,4,24.7257,83,88.283,1.5
Viet Nam,1967,5,27.198,77,128.035,1.7
Viet Nam,1967,6,27.388,71,198.301,2.5
Viet Nam,1967,7,27.0716,80,282.757,2.8
Viet Nam,1967,8,26.9386,78,204.428,2.9
Viet Nam,1967,9,25.4031,82,266.015,1.3
Viet Nam,1967,10,23.6588,86,142.971,1.4
Viet Nam,1967,11,22.5287,86,167.032,1.6
Viet Nam,1967,12,18.8621,88,35.6541,1.4
Viet Nam,1968,1,19.4646,86,19.7309,1.6
Viet Nam,1968,2,18.117,85,36.3795,1.7
Viet Nam,1968,3,22.004,84,30.9603,1.7
Viet Nam,1968,4,24.0121,81,60.0804,1.5
Viet Nam,1968,5,26.5141,77,139.793,1.5
Viet Nam,1968,6,26.6478,73,207.212,1.6
Viet Nam,1968,7,27.2136,71,186.373,1.5
Viet Nam,1968,8,26.7745,82,341.414,1.4
Viet Nam,1968,9,26.0382,82,328.595,1.4
Viet Nam,1968,10,24.2031,84,167.909,1.6
Viet Nam,1968,11,23.3394,82,107.247,1.7
Viet Nam,1968,12,22.5255,82,34.367,1.5
Viet Nam,1969,1,21.0705,86,53.5427,1.1
Viet Nam,1969,2,20.3147,85,22.6361,1.3
Viet Nam,1969,3,22.3887,84,19.6954,1.6
Viet Nam,1969,4,25.5585,81,69.8516,1.6
Viet Nam,1969,5,27.545,77,180.842,1.4
Viet Nam,1969,6,27.0767,73,206.231,1.4
Viet Nam,1969,7,27.0027,71,277.698,1.4
Viet Nam,1969,8,26.7354,82,210.241,1.4
Viet Nam,1969,9,26.1931,82,247.992,1.2
Viet Nam,1969,10,25.0293,84,170.468,1.1
Viet Nam,1969,11,21.2686,82,89.4762,1
Viet Nam,1969,12,19.3018,82,39.4452,0.9
Viet Nam,1970,1,19.3506,87,44.1394,1.6
Viet Nam,1970,2,21.2954,83,36.7697,1.7
Viet Nam,1970,3,21.9056,85,105.861,1.7
Viet Nam,1970,4,24.5036,80,76.8441,1.5
Viet Nam,1970,5,26.6645,80,172.554,1.5
Viet Nam,1970,6,26.8079,74,228.048,1.6
Viet Nam,1970,7,26.7906,76,221.354,1.5
Viet Nam,1970,8,26.3176,78,277.204,1.4
Viet Nam,1970,9,25.7028,81,268.33,1.4
Viet Nam,1970,10,23.8125,87,152.543,1.6
Viet Nam,1970,11,21.8679,85,170.215,1.7
Viet Nam,1970,12,21.0959,85,264.869,1.5
Viet Nam,1971,1,17.9642,84,13.5955,1.6
Viet Nam,1971,2,19.6489,85,32.1053,1.6
Viet Nam,1971,3,21.4407,84,18.3556,1.8
Viet Nam,1971,4,25.3796,83,61.7997,1.5
Viet Nam,1971,5,26.7587,77,190.003,1.7
Viet Nam,1971,6,26.6945,71,254.722,2.5
Viet Nam,1971,7,26.6698,80,332.039,2.8
Viet Nam,1971,8,26.1227,78,341.976,2.9
Viet Nam,1971,9,26.2802,82,234.766,1.3
Viet Nam,1971,10,23.3858,86,205.593,1.4
Viet Nam,1971,11,20.9406,86,69.843,1.6
Viet Nam,1971,12,20.2539,88,113.912,1.4
Viet Nam,1972,1,18.6251,86,47.2953,1.1
Viet Nam,1972,2,20.3887,85,42.804,1.3
Viet Nam,1972,3,21.7258,84,25.2106,1.6
Viet Nam,1972,4,23.6969,81,81.4564,1.6
Viet Nam,1972,5,27.3367,77,151.225,1.4
Viet Nam,1972,6,27.1937,73,209.444,1.4
Viet Nam,1972,7,27.0745,71,235.879,1.4
Viet Nam,1972,8,26.2675,82,366.248,1.4
Viet Nam,1972,9,25.9732,82,239.557,1.2
Viet Nam,1972,10,25.4388,84,221.025,1.1
Viet Nam,1972,11,23.1756,82,225.688,1
Viet Nam,1972,12,20.9914,82,206.736,0.9
Viet Nam,1973,1,19.8085,86,13.5547,1.6
Viet Nam,1973,2,22.8649,85,14.1375,1.7
Viet Nam,1973,3,23.623,84,40.9721,1.7
Viet Nam,1973,4,26.6165,81,100.283,1.5
Viet Nam,1973,5,27.2635,77,191.393,1.5
Viet Nam,1973,6,27.5014,73,0.195,1.6
Viet Nam,1973,7,27.0269,71,270.141,1.5
Viet Nam,1973,8,26.8035,82,278.58,1.4
Viet Nam,1973,9,25.9416,82,340.563,1.4
Viet Nam,1973,10,24.2796,84,199.971,1.6
Viet Nam,1973,11,21.521,82,165.414,1.7
Viet Nam,1973,12,19.1996,82,34.0581,1.5
Viet Nam,1974,1,18.7975,87,24.6507,1.6
Viet Nam,1974,2,19.2326,83,17.5783,1.6
Viet Nam,1974,3,20.759,85,48.985,1.8
Viet Nam,1974,4,24.5902,80,91.247,1.5
Viet Nam,1974,5,26.8973,80,145.679,1.7
Viet Nam,1974,6,26.8644,74,225.076,2.5
Viet Nam,1974,7,26.9615,76,235.788,2.8
Viet Nam,1974,8,26.4851,78,263.313,2.9
Viet Nam,1974,9,26.3048,81,199.708,1.3
Viet Nam,1974,10,24.597,87,297.075,1.4
Viet Nam,1974,11,22.5401,85,287.938,1.6
Viet Nam,1974,12,20.5676,85,69.3372,1.4
Viet Nam,1975,1,19.9756,84,125.846,1.6
Viet Nam,1975,2,21.3986,85,67.0251,1.6
Viet Nam,1975,3,22.9161,84,34.9644,1.8
Viet Nam,1975,4,25.9586,83,66.1848,1.5
Viet Nam,1975,5,26.6659,77,211.233,1.7
Viet Nam,1975,6,26.8423,71,230.507,2.5
Viet Nam,1975,7,26.9637,80,212.028,2.8
Viet Nam,1975,8,26.5639,78,302.727,2.9
Viet Nam,1975,9,26.3012,82,263.255,1.3
Viet Nam,1975,10,24.5087,86,185.692,1.4
Viet Nam,1975,11,21.5676,86,157.532,1.6
Viet Nam,1975,12,18.0094,88,96.3735,1.4
Viet Nam,1976,1,18.3096,86,11.1065,1.1
Viet Nam,1976,2,21.0125,85,30.9359,1.3
Viet Nam,1976,3,21.4462,84,38.3145,1.6
Viet Nam,1976,4,24.7182,81,84.9112,1.6
Viet Nam,1976,5,26.5383,77,164.889,1.4
Viet Nam,1976,6,26.7607,73,187.168,1.4
Viet Nam,1976,7,26.8858,71,203.204,1.4
Viet Nam,1976,8,26.4881,82,234.414,1.4
Viet Nam,1976,9,25.7708,82,250.884,1.2
Viet Nam,1976,10,24.5713,84,230.989,1.1
Viet Nam,1976,11,20.7945,82,131.218,1
Viet Nam,1976,12,20.5994,82,35.7602,0.9
Viet Nam,1977,1,18.6237,87,39.7984,1.6
Viet Nam,1977,2,18.6284,83,8.17531,1.7
Viet Nam,1977,3,22.0028,85,13.5164,1.7
Viet Nam,1977,4,25.2299,80,65.1937,1.5
Viet Nam,1977,5,27.234,80,97.967,1.5
Viet Nam,1977,6,28.0894,74,170.78,1.6
Viet Nam,1977,7,27.014,76,372.285,1.5
Viet Nam,1977,8,27.0262,78,204.762,1.4
Viet Nam,1977,9,25.6875,81,243.936,1.4
Viet Nam,1977,10,24.841,87,174.588,1.6
Viet Nam,1977,11,21.9774,85,99.6481,1.7
Viet Nam,1977,12,21.2626,85,96.4195,1.5
Viet Nam,1978,1,20.2368,84,45.7477,1.6
Viet Nam,1978,2,20.5797,85,19.1125,1.6
Viet Nam,1978,3,22.9835,84,40.2511,1.8
Viet Nam,1978,4,25.0496,83,78.3761,1.5
Viet Nam,1978,5,26.3289,77,201.661,1.7
Viet Nam,1978,6,27.043,71,292.79,2.5
Viet Nam,1978,7,26.9158,80,268.256,2.8
Viet Nam,1978,8,26.6568,78,297.692,2.9
Viet Nam,1978,9,25.3144,82,380.762,1.3
Viet Nam,1978,10,24.0808,86,226.037,1.4
Viet Nam,1978,11,22.4643,86,135.493,1.6
Viet Nam,1978,12,21.3173,88,26.9429,1.4
Viet Nam,1979,1,21.2204,86,20.3164,1.6
Viet Nam,1979,2,22.4333,85,37.0601,1.6
Viet Nam,1979,3,23.3757,84,17.6979,1.8
Viet Nam,1979,4,25.2898,81,90.0614,1.5
Viet Nam,1979,5,26.3374,77,226.072,1.7
Viet Nam,1979,6,26.9379,73,295.367,2.5
Viet Nam,1979,7,27.5876,71,194.324,2.8
Viet Nam,1979,8,26.787,82,321.077,2.9
Viet Nam,1979,9,25.9927,82,290.969,1.3
Viet Nam,1979,10,23.7811,84,112.053,1.4
Viet Nam,1979,11,21.7453,82,64.5246,1.6
Viet Nam,1979,12,21.3295,82,30.5379,1.4
Viet Nam,1980,1,20.4279,87,44.148,1.1
Viet Nam,1980,2,20.2713,83,32.3736,1.3
Viet Nam,1980,3,23.6651,85,22.0575,1.6
Viet Nam,1980,4,25.8562,80,77.965,1.6
Viet Nam,1980,5,26.9428,80,170.399,1.4
Viet Nam,1980,6,27.1611,74,209.781,1.4
Viet Nam,1980,7,27.2487,76,290.043,1.4
Viet Nam,1980,8,26.9018,78,297.42,1.4
Viet Nam,1980,9,25.6612,81,293.439,1.2
Viet Nam,1980,10,24.8145,87,228.28,1.1
Viet Nam,1980,11,23.0793,85,146.679,1
Viet Nam,1980,12,20.8345,85,48.8457,0.9
Viet Nam,1981,1,19.2481,84,21.0912,1.6
Viet Nam,1981,2,21.4908,85,25.6567,1.7
Viet Nam,1981,3,22.9911,84,35.2458,1.7
Viet Nam,1981,4,25.4189,83,87.5979,1.5
Viet Nam,1981,5,26.0226,77,193.261,1.5
Viet Nam,1981,6,26.6121,71,258.401,1.6
Viet Nam,1981,7,26.6934,80,233.524,1.5
Viet Nam,1981,8,27.4885,78,247.904,1.4
Viet Nam,1981,9,26.7703,82,189.447,1.4
Viet Nam,1981,10,24.5828,86,252.046,1.6
Viet Nam,1981,11,22.5124,86,247.691,1.7
Viet Nam,1981,12,19.1709,88,25.2598,1.5
Viet Nam,1982,1,19.9368,86,19.8096,1.6
Viet Nam,1982,2,20.832,85,30.8827,1.6
Viet Nam,1982,3,22.988,84,27.517,1.8
Viet Nam,1982,4,24.076,81,83.2011,1.5
Viet Nam,1982,5,26.7501,77,112.553,1.7
Viet Nam,1982,6,26.8214,73,195.396,2.5
Viet Nam,1982,7,27.0976,71,219.49,2.8
Viet Nam,1982,8,26.6605,82,291.473,2.9
Viet Nam,1982,9,25.7068,82,318.709,1.3
Viet Nam,1982,10,25.3032,84,210.566,1.4
Viet Nam,1982,11,23.532,82,210.317,1.6
Viet Nam,1982,12,18.8768,82,55.1107,1.4
Viet Nam,1983,1,18.7402,86,37.0237,1.6
Viet Nam,1983,2,20.9087,85,22.6878,1.6
Viet Nam,1983,3,21.6707,84,33.1446,1.8
Viet Nam,1983,4,26.8556,81,45.6253,1.5
Viet Nam,1983,5,27.9283,77,157.474,1.7
Viet Nam,1983,6,27.6282,73,172.871,2.5
Viet Nam,1983,7,28.1474,71,275.047,2.8
Viet Nam,1983,8,27.308,82,253.341,2.9
Viet Nam,1983,9,26.8223,82,221.972,1.3
Viet Nam,1983,10,25.0676,84,394.969,1.4
Viet Nam,1983,11,21.6503,82,139.66,1.6
Viet Nam,1983,12,19.3377,82,97.918,1.4
Viet Nam,1984,1,18.1107,84,5.83717,1.1
Viet Nam,1984,2,20.1847,85,11.4614,1.3
Viet Nam,1984,3,22.0275,84,17.4152,1.6
Viet Nam,1984,4,25.9697,83,87.9557,1.6
Viet Nam,1984,5,26.1519,77,191.054,1.4
Viet Nam,1984,6,26.8068,71,243.032,1.4
Viet Nam,1984,7,26.9391,80,194.143,1.4
Viet Nam,1984,8,26.7445,78,321.972,1.4
Viet Nam,1984,9,25.6557,82,242.002,1.2
Viet Nam,1984,10,23.8394,86,289.055,1.1
Viet Nam,1984,11,22.9831,86,218.654,1
Viet Nam,1984,12,20.5,88,46.5094,0.9
Viet Nam,1985,1,19.5221,87,67.3063,1.6
Viet Nam,1985,2,21.3608,83,29.1397,1.7
Viet Nam,1985,3,20.7962,85,36.9321,1.7
Viet Nam,1985,4,24.2176,80,103.16,1.5
Viet Nam,1985,5,26.62,80,151.181,1.5
Viet Nam,1985,6,27.0034,74,187.898,1.6
Viet Nam,1985,7,26.6467,76,178.983,1.5
Viet Nam,1985,8,26.7865,78,311.568,1.4
Viet Nam,1985,9,25.555,81,283.809,1.4
Viet Nam,1985,10,24.6223,87,251.037,1.6
Viet Nam,1985,11,23.2286,85,156.52,1.7
Viet Nam,1985,12,20.3262,85,27.6433,1.5
Viet Nam,1986,1,19.2157,84,11.0462,1.6
Viet Nam,1986,2,20.6171,85,9.809,1.6
Viet Nam,1986,3,21.9043,84,8.60206,1.8
Viet Nam,1986,4,25.4043,83,121.734,1.5
Viet Nam,1986,5,26.316,77,291.203,1.7
Viet Nam,1986,6,27.0843,71,270.942,2.5
Viet Nam,1986,7,26.7781,80,294.939,2.8
Viet Nam,1986,8,27.0058,78,253.733,2.9
Viet Nam,1986,9,26.0325,82,271.331,1.3
Viet Nam,1986,10,24.4336,86,291.242,1.4
Viet Nam,1986,11,22.2228,86,187.273,1.6
Viet Nam,1986,12,21.0684,88,98.2771,1.4
Viet Nam,1987,1,20.5309,86,11.4246,1.6
Viet Nam,1987,2,21.8699,85,12.2196,1.6
Viet Nam,1987,3,23.3418,84,20.401,1.8
Viet Nam,1987,4,25.5264,81,59.3829,1.5
Viet Nam,1987,5,27.4401,77,144.906,1.7
Viet Nam,1987,6,27.5479,73,184.097,2.5
Viet Nam,1987,7,27.5459,71,288.798,2.8
Viet Nam,1987,8,27.1701,82,265.338,2.9
Viet Nam,1987,9,26.1097,82,251.228,1.3
Viet Nam,1987,10,25.5938,84,167.644,1.4
Viet Nam,1987,11,23.4043,82,148.794,1.6
Viet Nam,1987,12,18.8923,82,26.1798,1.4
Viet Nam,1988,1,20.9191,87,37.0765,1.1
Viet Nam,1988,2,21.2215,83,38.3777,1.3
Viet Nam,1988,3,21.754,85,18.9729,1.6
Viet Nam,1988,4,24.5852,80,55.5371,1.6
Viet Nam,1988,5,27.047,80,208.783,1.4
Viet Nam,1988,6,27.2909,74,159.065,1.4
Viet Nam,1988,7,27.3476,76,183.077,1.4
Viet Nam,1988,8,26.7426,78,239.23,1.4
Viet Nam,1988,9,26.3219,81,173.549,1.2
Viet Nam,1988,10,24.0191,87,436.864,1.1
Viet Nam,1988,11,21.6596,85,107.926,1
Viet Nam,1988,12,20.5643,85,30.9584,0.9
Viet Nam,1989,1,19.9013,84,39.5623,1.6
Viet Nam,1989,2,20.2072,85,6.98347,1.7
Viet Nam,1989,3,21.3755,84,71.3583,1.7
Viet Nam,1989,4,25.6372,83,56.2046,1.5
Viet Nam,1989,5,26.3981,77,204.482,1.5
Viet Nam,1989,6,27.0081,71,268.449,1.6
Viet Nam,1989,7,27.2654,80,239.45,1.5
Viet Nam,1989,8,27.1261,78,179.612,1.4
Viet Nam,1989,9,26.508,82,236.607,1.4
Viet Nam,1989,10,24.9172,86,254.702,1.6
Viet Nam,1989,11,22.7828,86,83.563,1.7
Viet Nam,1989,12,20.5588,88,55.3055,1.5
Viet Nam,1990,1,20.6366,86,31.5395,1.6
Viet Nam,1990,2,21.2421,85,65.8165,1.6
Viet Nam,1990,3,21.701,84,65.6968,1.8
Viet Nam,1990,4,25.5608,81,63.8932,1.5
Viet Nam,1990,5,25.9814,77,193.941,1.7
Viet Nam,1990,6,27.0902,73,240.437,2.5
Viet Nam,1990,7,26.9124,71,323.093,2.8
Viet Nam,1990,8,27.6215,82,188.221,2.9
Viet Nam,1990,9,26.539,82,290.523,1.3
Viet Nam,1990,10,24.8785,84,210.815,1.4
Viet Nam,1990,11,23.3786,82,231.05,1.6
Viet Nam,1990,12,21.404,82,29.233,1.4
Viet Nam,1991,1,21.2641,87,18.118,1.6
Viet Nam,1991,2,21.7298,83,14.8579,1.6
Viet Nam,1991,3,23.9737,85,46.4984,1.8
Viet Nam,1991,4,26.2745,80,36.1466,1.5
Viet Nam,1991,5,27.4259,80,107.401,1.7
Viet Nam,1991,6,27.5647,74,238.163,2.5
Viet Nam,1991,7,27.2983,76,253.61,2.8
Viet Nam,1991,8,26.9164,78,270.235,2.9
Viet Nam,1991,9,26.7628,81,232.92,1.3
Viet Nam,1991,10,24.6845,87,197.934,1.4
Viet Nam,1991,11,22.4586,85,105.337,1.6
Viet Nam,1991,12,21.3386,85,79.4345,1.4
Viet Nam,1992,1,18.9462,84,142.585,1.1
Viet Nam,1992,2,20.5247,85,53.1401,1.3
Viet Nam,1992,3,22.7815,84,36.6519,1.6
Viet Nam,1992,4,26.8073,83,35.3283,1.6
Viet Nam,1992,5,27.6538,77,116.384,1.4
Viet Nam,1992,6,27.4563,71,209.271,1.4
Viet Nam,1992,7,26.9516,80,319.908,1.4
Viet Nam,1992,8,27.3955,78,187.041,1.4
Viet Nam,1992,9,26.7272,82,221.532,1.2
Viet Nam,1992,10,23.8913,86,160.365,1.1
Viet Nam,1992,11,21.7671,86,83.6364,1
Viet Nam,1992,12,21.4601,88,96.1109,0.9
Viet Nam,1993,1,19.0534,86,24.8236,1.6
Viet Nam,1993,2,21.2081,85,31.2285,1.7
Viet Nam,1993,3,22.6215,84,35.1611,1.7
Viet Nam,1993,4,25.4837,81,76.2163,1.5
Viet Nam,1993,5,27.0579,77,174.115,1.5
Viet Nam,1993,6,27.9814,73,211.718,1.6
Viet Nam,1993,7,27.5191,71,196.471,1.5
Viet Nam,1993,8,27.2252,82,268.77,1.4
Viet Nam,1993,9,26.504,82,241.719,1.4
Viet Nam,1993,10,24.4762,84,167.781,1.6
Viet Nam,1993,11,23.0068,82,119.581,1.7
Viet Nam,1993,12,20.198,82,72.4858,1.5
Viet Nam,1994,1,20.9519,86,13.2944,1.6
Viet Nam,1994,2,22.3773,85,32.9093,1.6
Viet Nam,1994,3,21.149,84,62.2816,1.8
Viet Nam,1994,4,26.6498,81,35.6912,1.5
Viet Nam,1994,5,27.5385,77,235.487,1.7
Viet Nam,1994,6,26.9911,73,248.917,2.5
Viet Nam,1994,7,27.0498,71,405.597,2.8
Viet Nam,1994,8,26.9347,82,302.481,2.9
Viet Nam,1994,9,26.2905,82,320.645,1.3
Viet Nam,1994,10,24.3455,84,204.564,1.4
Viet Nam,1994,11,23.3644,82,138.529,1.6
Viet Nam,1994,12,22.2432,82,103.222,1.4
Viet Nam,1995,1,19.9174,87,33.7922,1.6
Viet Nam,1995,2,20.1029,83,21.7449,1.6
Viet Nam,1995,3,22.3825,85,30.9501,1.8
Viet Nam,1995,4,26.6082,80,39.9035,1.5
Viet Nam,1995,5,27.1686,80,151.754,1.7
Viet Nam,1995,6,27.8195,74,229.87,2.5
Viet Nam,1995,7,27.2684,76,330.118,2.8
Viet Nam,1995,8,27.1137,78,287.467,2.9
Viet Nam,1995,9,26.584,81,227.125,1.3
Viet Nam,1995,10,25.3163,87,218.123,1.4
Viet Nam,1995,11,22.4686,85,226.792,1.6
Viet Nam,1995,12,20.3245,85,35.174,1.4
Viet Nam,1996,1,20.0181,84,21.7386,1.1
Viet Nam,1996,2,19.4103,85,17.3055,1.3
Viet Nam,1996,3,22.3833,84,57.5022,1.6
Viet Nam,1996,4,24.0762,83,86.9718,1.6
Viet Nam,1996,5,26.4539,77,152.643,1.4
Viet Nam,1996,6,27.344,71,203.677,1.4
Viet Nam,1996,7,27.3193,80,221.349,1.4
Viet Nam,1996,8,27.1661,78,288.609,1.4
Viet Nam,1996,9,26.3696,82,348.562,1.2
Viet Nam,1996,10,25.1223,86,207.102,1.1
Viet Nam,1996,11,23.4286,86,276.233,1
Viet Nam,1996,12,20.4298,88,38.6427,0.9
Viet Nam,1997,1,20.15,86,60.4016,1.6
Viet Nam,1997,2,20.2543,85,24.7278,1.7
Viet Nam,1997,3,22.4195,84,72.0989,1.7
Viet Nam,1997,4,24.6844,81,115.976,1.5
Viet Nam,1997,5,27.1732,77,158.51,1.5
Viet Nam,1997,6,27.6041,73,182.177,1.6
Viet Nam,1997,7,26.9861,71,310.72,1.5
Viet Nam,1997,8,27.3201,82,245.088,1.4
Viet Nam,1997,9,25.8838,82,220.01,1.4
Viet Nam,1997,10,25.9285,84,238.346,1.6
Viet Nam,1997,11,23.9431,82,81.0013,1.7
Viet Nam,1997,12,22.3844,82,101.692,1.5
Viet Nam,1998,1,21.5527,87,20.8839,1.6
Viet Nam,1998,2,22.4171,83,47.1918,1.6
Viet Nam,1998,3,23.8282,85,35.0868,1.8
Viet Nam,1998,4,26.7089,80,77.234,1.5
Viet Nam,1998,5,27.9538,80,146.659,1.7
Viet Nam,1998,6,27.929,74,247.579,2.5
Viet Nam,1998,7,27.7233,76,218.192,2.8
Viet Nam,1998,8,27.7586,78,244.635,2.9
Viet Nam,1998,9,27.0006,81,249.119,1.3
Viet Nam,1998,10,25.8023,87,169.381,1.4
Viet Nam,1998,11,23.6378,85,215.888,1.6
Viet Nam,1998,12,21.7578,85,100.497,1.4
Viet Nam,1999,1,20.4104,84,64.4466,1.1
Viet Nam,1999,2,21.8445,85,15.4733,1.3
Viet Nam,1999,3,23.1617,84,37.9691,1.6
Viet Nam,1999,4,25.6748,83,84.0535,1.6
Viet Nam,1999,5,25.8575,77,234.418,1.4
Viet Nam,1999,6,27.2385,71,219.997,1.4
Viet Nam,1999,7,27.2233,80,294.207,1.4
Viet Nam,1999,8,27.0586,78,289.914,1.4
Viet Nam,1999,9,26.4061,82,241.294,1.2
Viet Nam,1999,10,25.2426,86,255.414,1.1
Viet Nam,1999,11,22.707,86,390.544,1
Viet Nam,1999,12,18.8341,88,115.409,0.9
Viet Nam,2000,1,20.8595,86,30.9587,1.6
Viet Nam,2000,2,20.0468,85,33.7771,1.7
Viet Nam,2000,3,22.2888,84,23.422,1.7
Viet Nam,2000,4,25.4443,81,98.7361,1.5
Viet Nam,2000,5,26.2898,77,202.395,1.5
Viet Nam,2000,6,26.748,73,213.541,1.6
Viet Nam,2000,7,27.2957,71,331.229,1.5
Viet Nam,2000,8,27.5865,82,213.767,1.4
Viet Nam,2000,9,26.3237,82,227.674,1.4
Viet Nam,2000,10,25.0409,84,327.404,1.6
Viet Nam,2000,11,22.2276,82,84.2797,1.7
Viet Nam,2000,12,21.8343,82,41.7905,1.5
Viet Nam,2001,1,21.5704,87,30.8024,1.6
Viet Nam,2001,2,21.4537,83,25.0334,1.6
Viet Nam,2001,3,22.4806,85,72.9405,1.8
Viet Nam,2001,4,26.5472,80,61.0906,1.5
Viet Nam,2001,5,26.4012,80,202.449,1.7
Viet Nam,2001,6,27.0755,74,212.585,2.5
Viet Nam,2001,7,27.4136,76,350.803,2.8
Viet Nam,2001,8,27.301,78,342.963,2.9
Viet Nam,2001,9,26.7575,81,241.42,1.3
Viet Nam,2001,10,25.4637,87,244.479,1.4
Viet Nam,2001,11,21.6265,85,234.133,1.6
Viet Nam,2001,12,20.8035,85,69.4084,1.4
Viet Nam,2002,1,20.1471,84,20.0285,1.1
Viet Nam,2002,2,22.0605,85,21.6108,1.3
Viet Nam,2002,3,23.3405,84,58.0542,1.6
Viet Nam,2002,4,26.3616,83,60.3292,1.6
Viet Nam,2002,5,26.8793,77,209.927,1.4
Viet Nam,2002,6,27.6931,71,245.751,1.4
Viet Nam,2002,7,27.6522,80,338.752,1.4
Viet Nam,2002,8,26.8419,78,297.607,1.4
Viet Nam,2002,9,25.8749,82,260.997,1.2
Viet Nam,2002,10,24.9864,86,222.83,1.1
Viet Nam,2002,11,23.2328,86,131.848,1
Viet Nam,2002,12,22.1441,88,244.606,0.9
Viet Nam,2003,1,19.8417,86,34.9598,1.6
Viet Nam,2003,2,22.3942,85,31.1657,1.7
Viet Nam,2003,3,22.4349,84,45.2812,1.7
Viet Nam,2003,4,26.6682,81,61.8224,1.5
Viet Nam,2003,5,27.8025,77,166.842,1.5
Viet Nam,2003,6,27.4849,73,195.692,1.6
Viet Nam,2003,7,27.754,71,177.339,1.5
Viet Nam,2003,8,27.6758,82,331.326,1.4
Viet Nam,2003,9,26.232,82,323.851,1.4
Viet Nam,2003,10,25.1789,84,141.691,1.6
Viet Nam,2003,11,23.6439,82,65.44,1.7
Viet Nam,2003,12,20.4516,82,25.8375,1.5
Viet Nam,2004,1,20.4061,86,63.1595,1.6
Viet Nam,2004,2,20.6649,85,34.795,1.6
Viet Nam,2004,3,22.8187,84,28.3406,1.8
Viet Nam,2004,4,25.7764,81,83.6009,1.5
Viet Nam,2004,5,26.9525,77,179.468,1.7
Viet Nam,2004,6,27.3588,73,196.401,2.5
Viet Nam,2004,7,26.9753,71,330.533,2.8
Viet Nam,2004,8,27.4352,82,240.816,2.9
Viet Nam,2004,9,26.3474,82,202.711,1.3
Viet Nam,2004,10,24.5783,84,124.673,1.4
Viet Nam,2004,11,23.5518,82,104.94,1.6
Viet Nam,2004,12,20.8583,82,29.0932,1.4
Viet Nam,2005,1,19.9792,84,17.6684,1.1
Viet Nam,2005,2,22.509,85,17.5921,1.3
Viet Nam,2005,3,21.8137,84,46.8319,1.6
Viet Nam,2005,4,25.8387,83,58.298,1.6
Viet Nam,2005,5,27.6449,77,159.018,1.4
Viet Nam,2005,6,27.9064,71,301.711,1.4
Viet Nam,2005,7,27.6919,80,298.041,1.4
Viet Nam,2005,8,27.3238,78,302.94,1.4
Viet Nam,2005,9,26.9138,82,334.111,1.2
Viet Nam,2005,10,24.3,86,123.213,1.1
Viet Nam,2005,11,23.6483,86,269.098,1
Viet Nam,2005,12,20.2844,88,90.7911,0.9
Viet Nam,2006,1,20.7224,86,19.2989,1.6
Viet Nam,2006,2,21.8758,85,27.6812,1.7
Viet Nam,2006,3,22.6725,84,49.0977,1.7
Viet Nam,2006,4,25.8928,81,95.87,1.5
Viet Nam,2006,5,26.5647,77,130.673,1.5
Viet Nam,2006,6,27.5302,73,161.968,1.6
Viet Nam,2006,7,27.6337,71,292.339,1.5
Viet Nam,2006,8,26.93,82,262.601,1.4
Viet Nam,2006,9,26.3518,82,199.604,1.4
Viet Nam,2006,10,25.732,84,331.972,1.6
Viet Nam,2006,11,24.4112,82,154.444,1.7
Viet Nam,2006,12,21.217,82,26.1274,1.5
Viet Nam,2007,1,19.5742,87,22.5017,1.6
Viet Nam,2007,2,22.3902,83,24.0384,1.6
Viet Nam,2007,3,23.3527,85,37.4312,1.8
Viet Nam,2007,4,24.9302,80,79.6929,1.5
Viet Nam,2007,5,26.3317,80,157.212,1.7
Viet Nam,2007,6,27.7517,74,303.573,2.5
Viet Nam,2007,7,27.5326,76,237.151,2.8
Viet Nam,2007,8,26.721,78,275.663,2.9
Viet Nam,2007,9,26.0802,81,237.357,1.3
Viet Nam,2007,10,24.7519,87,371.163,1.4
Viet Nam,2007,11,21.5031,85,140.922,1.6
Viet Nam,2007,12,22.0848,85,33.6849,1.4
Viet Nam,2008,1,19.408,84,26.5981,1.1
Viet Nam,2008,2,18.03,85,29.5154,1.3
Viet Nam,2008,3,22.0917,84,43.185,1.6
Viet Nam,2008,4,25.7844,83,84.5471,1.6
Viet Nam,2008,5,26.1936,77,155.263,1.4
Viet Nam,2008,6,26.7034,71,248.361,1.4
Viet Nam,2008,7,27.2563,80,275.541,1.4
Viet Nam,2008,8,26.9459,78,287.986,1.4
Viet Nam,2008,9,26.5736,82,267.792,1.2
Viet Nam,2008,10,25.766,86,300.932,1.1
Viet Nam,2008,11,22.2886,86,212.103,1
Viet Nam,2008,12,20.3691,88,81.8229,0.9
Viet Nam,2009,1,18.5874,86,13.3308,1.6
Viet Nam,2009,2,23.3572,85,14.991,1.7
Viet Nam,2009,3,22.7104,84,61.4003,1.7
Viet Nam,2009,4,25.3695,81,88.3187,1.5
Viet Nam,2009,5,26.5018,77,198.963,1.5
Viet Nam,2009,6,27.4658,73,197.629,1.6
Viet Nam,2009,7,27.4224,71,264.549,1.5
Viet Nam,2009,8,27.8058,82,209.888,1.4
Viet Nam,2009,9,26.9888,82,276.696,1.4
Viet Nam,2009,10,25.8003,84,226.089,1.6
Viet Nam,2009,11,22.9344,82,110.196,1.7
Viet Nam,2009,12,21.7524,82,69.4662,1.5
Viet Nam,2010,1,21.2829,87,119.347,1.6
Viet Nam,2010,2,23.0028,83,24.6918,1.6
Viet Nam,2010,3,23.3828,85,17.6805,1.8
Viet Nam,2010,4,25.9156,80,76.4054,1.5
Viet Nam,2010,5,27.9955,80,129.848,1.7
Viet Nam,2010,6,27.6409,74,170.972,2.5
Viet Nam,2010,7,27.6693,76,231.421,2.8
Viet Nam,2010,8,27.181,78,258.267,2.9
Viet Nam,2010,9,26.975,81,208.884,1.3
Viet Nam,2010,10,24.6371,87,210.198,1.4
Viet Nam,2010,11,22.7269,85,105.954,1.6
Viet Nam,2010,12,21.5358,85,70.3632,1.4
Viet Nam,2011,1,18.0561,84,28.6263,1.6
Viet Nam,2011,2,21.121,85,20.9222,1.6
Viet Nam,2011,3,19.6389,84,59.1605,1.8
Viet Nam,2011,4,24.5324,83,62.3041,1.5
Viet Nam,2011,5,26.5126,77,155.895,1.7
Viet Nam,2011,6,27.3648,71,276.433,2.5
Viet Nam,2011,7,27.6562,80,253.884,2.8
Viet Nam,2011,8,27.2079,78,258.946,2.9
Viet Nam,2011,9,26.2988,82,338.789,1.3
Viet Nam,2011,10,24.546,86,308.646,1.4
Viet Nam,2011,11,23.7394,86,206.133,1.6
Viet Nam,2011,12,19.9897,88,65.3421,1.4
Viet Nam,2012,1,19.9376,87,63.5504,1.1
Viet Nam,2012,2,21.2647,83,26.6722,1.3
Viet Nam,2012,3,22.66,85,45.582,1.6
Viet Nam,2012,4,26.1824,80,59.5025,1.6
Viet Nam,2012,5,27.5174,80,232.993,1.4
Viet Nam,2012,6,27.4194,74,234.206,1.4
Viet Nam,2012,7,27.4906,76,277.347,1.4
Viet Nam,2012,8,27.4666,78,298.421,1.4
Viet Nam,2012,9,26.4697,81,212.025,1.2
Viet Nam,2012,10,25.7243,87,269.287,1.1
Viet Nam,2012,11,24.3128,85,397.858,1
Viet Nam,2012,12,22.4016,85,54.3562,0.9
Viet Nam,2013,1,20.2787,87,61.0331,1.6
Viet Nam,2013,2,22.9052,83,45.2822,1.7
Viet Nam,2013,3,23.9591,85,58.6912,1.7
Viet Nam,2013,4,25.9443,80,72.3164,1.5
Viet Nam,2013,5,27.2649,80,150.656,1.5
Viet Nam,2013,6,27.3868,74,182.905,1.6
Viet Nam,2013,7,27.2,76,259.541,1.5
Viet Nam,2013,8,27.3971,78,274.068,1.4
Viet Nam,2013,9,25.9728,81,283.283,1.4
Viet Nam,2013,10,24.4809,87,240.616,1.6
Viet Nam,2013,11,23.375,85,177.439,1.7
Viet Nam,2013,12,18.6481,85,282.366,1.5
Viet Nam,2014,1,18.8903,84,20.1041,1.6
Viet Nam,2014,2,20.5782,85,14.8243,1.6
Viet Nam,2014,3,22.9839,84,30.491,1.8
Viet Nam,2014,4,26.1655,83,67.5097,1.5
Viet Nam,2014,5,27.0155,77,100.506,1.7
Viet Nam,2014,6,27.994,71,232.4,2.5
Viet Nam,2014,7,27.3625,80,297.145,2.8
Viet Nam,2014,8,27.2949,78,226.706,2.9
Viet Nam,2014,9,26.9982,82,272.555,1.3
Viet Nam,2014,10,25.6917,86,173.593,1.4
Viet Nam,2014,11,24.0814,86,166.37,1.6
Viet Nam,2014,12,20.3978,88,60.7189,1.4
Viet Nam,2015,1,19.8555,86,39.6747,1.6
Viet Nam,2015,2,21.3256,85,18.5884,1.6
Viet Nam,2015,3,23.6585,84,32.7659,1.8
Viet Nam,2015,4,26.3524,81,48.371,1.5
Viet Nam,2015,5,28.4356,77,106.235,1.7
Viet Nam,2015,6,28.8865,73,194.546,2.5
Viet Nam,2015,7,27.6555,71,265.695,2.8
Viet Nam,2015,8,27.4335,82,279.796,2.8
Viet Nam,2015,9,26.9875,82,270.979,1.3
Viet Nam,2015,10,25.2145,84,210.218,1.3
Viet Nam,2015,11,24.8352,82,177.599,1.5
Viet Nam,2015,12,22.3547,82,93.3196,1.4
Viet Nam,2016,1,20.3254,86,39.6747,1.6
Viet Nam,2016,2,21.9852,85,18.5884,1.6
Viet Nam,2016,3,23.6547,84,32.7659,1.8
Viet Nam,2016,4,26.0125,81,48.371,1.5
Viet Nam,2016,5,28.5325,80,106.235,1.7
Viet Nam,2016,6,28.5632,73,194.546,2.5
Viet Nam,2016,7,27.8652,73,265.695,2.8
Viet Nam,2016,8,27.3251,82,279.796,2.9
Viet Nam,2016,9,26.9852,80,270.979,1.3
Viet Nam,2016,10,25.3652,84,210.218,1.4
Viet Nam,2016,11,24.3625,82,177.599,1.6
Viet Nam,2016,12,22.0457,82,93.3196,1.4
Viet Nam,2017,1,19.8525,86,39.6747,1.7
Viet Nam,2017,2,21.0225,85,18.5884,1.7
Viet Nam,2017,3,23.6582,84,32.7659,1.8
Viet Nam,2017,4,26.0125,85,48.371,1.5
Viet Nam,2017,5,28.6252,76,106.235,1.7
Viet Nam,2017,6,28.8654,73,194.546,2.6
Viet Nam,2017,7,27.6352,71,265.695,2.8
Viet Nam,2017,8,27.5325,80,279.796,2.9
Viet Nam,2017,9,27.2012,80,270.979,1.3
Viet Nam,2017,10,26.0125,82,210.218,1.4
Viet Nam,2017,11,25.3025,82,177.599,1.6
Viet Nam,2017,12,22.301,82,93.3196,1.4
Viet Nam,2018,1,20.2245,86,39.6747,1.6
Viet Nam,2018,2,22.0254,85,18.5884,1.6
Viet Nam,2018,3,23.6545,84,32.7659,1.8
Viet Nam,2018,4,26.0253,82,48.371,1.6
Viet Nam,2018,5,28.5654,78,106.235,1.7
Viet Nam,2018,6,28.6895,73,194.546,2.6
Viet Nam,2018,7,27.2545,72,265.695,2.9
Viet Nam,2018,8,27.0152,82,279.796,2.9
Viet Nam,2018,9,26.9575,82,270.979,1.3
Viet Nam,2018,10,25.3654,85,210.218,1.4
Viet Nam,2018,11,24.5685,84,177.599,1.6
Viet Nam,2018,12,22.0257,82,93.3196,1.4
Viet Nam,2019,1,20.0215,86,39.6747,1.6
Viet Nam,2019,2,21.5853,86,18.5884,1.7
Viet Nam,2019,3,23.5692,84,32.7659,1.8
Viet Nam,2019,4,25.8273,81,48.371,1.6
Viet Nam,2019,5,28.4432,77,106.235,1.7
Viet Nam,2019,6,28.5632,73,194.546,2.5
Viet Nam,2019,7,27.455,75,265.695,2.8
Viet Nam,2019,8,27.5118,82,279.796,2.9
Viet Nam,2019,9,27.0807,85,270.979,1.3
Viet Nam,2019,10,25.3536,86,210.218,1.4
Viet Nam,2019,11,24.7644,85,177.599,1.6
Viet Nam,2019,12,22.0768,84,93.3196,1.3
Viet Nam,2020,1,20.3254,87,39.6747,1.5
Viet Nam,2020,2,21.8853,85,18.5884,1.7
Viet Nam,2020,3,23.5641,83,32.7659,1.8
Viet Nam,2020,4,25.3525,79,47.0258,1.4
Viet Nam,2020,5,27.9587,77,100.2565,1.8
Viet Nam,2020,6,28.3582,71,194.546,2.6
Viet Nam,2020,7,27.0215,69,265.695,2.9
Viet Nam,2020,8,27.0125,82,279.796,2.9
Viet Nam,2020,9,26.9985,83,270.979,1.3
Viet Nam,2020,10,25.3652,84,210.218,1.4
Viet Nam,2020,11,24.7644,83,177.599,1.6
Viet Nam,2020,12,22.5242,82,93.3196,1.4
Viet Nam,2021,1,20.5242,86,39.6747,1.6
Viet Nam,2021,2,22.0025,86,18.5884,1.6
Viet Nam,2021,3,23.7582,85,32.7659,1.9
Viet Nam,2021,4,25.6542,83,50.5869,1.5
Viet Nam,2021,5,28.0256,79,106.235,1.8
Viet Nam,2021,6,28.6258,72,205.7588,2.5
Viet Nam,2021,7,27.6584,70,277.568,2.9
Viet Nam,2021,8,27.3252,82,286.568,3
Viet Nam,2021,9,27.0254,83,275.685,1.4
Viet Nam,2021,10,25.6525,84,210.218,1.4
Viet Nam,2021,11,25.0235,82,177.599,1.6
Viet Nam,2021,12,23.0254,82,93.3196,1.4
